"name","no_overlap","Ct0.94","components0.94","Ct0.92","components0.92","Ct0.9","components0.9","Ct0.88","components0.88"
"NT0107",NA,NA,NA,NA,NA,NA,NA,NA,NA
"NT0118",NA,NA,NA,NA,NA,NA,NA,NA,NA
"NT0124",NA,NA,NA,NA,NA,NA,NA,NA,NA
"NT0125",NA,NA,NA,NA,NA,NA,NA,NA,NA
"NT0126",NA,NA,NA,NA,NA,NA,NA,NA,NA
"NT0132",NA,NA,NA,NA,NA,NA,NA,NA,NA
"NT0128",NA,NA,NA,NA,NA,NA,NA,NA,NA
"NT0133",NA,NA,NA,NA,NA,NA,NA,NA,NA
"NT0138",NA,NA,NA,NA,NA,NA,NA,NA,NA
"NT0135",NA,NA,NA,NA,NA,NA,NA,NA,NA
"Imeri",NA,NA,NA,NA,NA,NA,NA,NA,NA
"Napo2",NA,NA,NA,NA,NA,NA,NA,NA,NA
"Imeri2",NA,NA,NA,NA,NA,NA,NA,NA,NA
"Accipiter poliogaster",NA,NA,NA,NA,NA,NA,NA,NA,NA
"Akletos melanoceps",NA,NA,NA,NA,NA,NA,NA,NA,NA
"Amazilia sapphirina",NA,NA,NA,NA,NA,NA,NA,NA,NA
"Amazona amazonica",NA,NA,NA,NA,NA,NA,NA,NA,NA
"Amazona farinosa",NA,NA,NA,NA,NA,NA,NA,NA,NA
"Amazona ochrocephala",NA,NA,NA,NA,NA,NA,NA,NA,NA
"Ammodramus aurifrons",NA,NA,NA,NA,NA,NA,NA,NA,NA
"Anabacerthia ruficaudata",NA,NA,NA,NA,NA,NA,NA,NA,NA
"Ancistrops strigilatus",NA,NA,NA,NA,NA,NA,NA,NA,NA
"Ara ararauna",NA,NA,NA,NA,NA,NA,NA,NA,NA
"Ara chloropterus",NA,NA,NA,NA,NA,NA,NA,NA,NA
"Ara macao",NA,NA,NA,NA,NA,NA,NA,NA,NA
"Ara severus",NA,NA,NA,NA,NA,NA,NA,NA,NA
"Arundinicola leucocephala",NA,NA,NA,NA,NA,NA,NA,NA,NA
"Atticora fasciata",NA,NA,NA,TRUE,2,TRUE,1,TRUE,1
"Atticora tibialis",NA,NA,NA,NA,NA,NA,NA,NA,NA
"Attila cinnamomeus",NA,NA,NA,NA,NA,NA,NA,NA,NA
"Attila citriniventris",NA,NA,NA,NA,NA,NA,NA,NA,NA
"Automolus infuscatus",NA,NA,NA,NA,NA,NA,NA,NA,NA
"Automolus ochrolaemus",NA,NA,NA,NA,NA,NA,NA,NA,NA
"Guiana",NA,TRUE,1,TRUE,1,TRUE,2,TRUE,2
"Amazilia brevirostris",NA,NA,NA,NA,NA,NA,NA,NA,NA
"Amazilia cupreicauda",NA,NA,NA,NA,NA,NA,NA,NA,NA
"Amazilia tobaci",NA,NA,NA,NA,NA,NA,NA,NA,NA
"Amazilia versicolor",NA,NA,NA,NA,NA,NA,NA,NA,NA
"Amazona dufresniana",NA,NA,NA,NA,NA,NA,NA,NA,NA
"Arremon taciturnus",NA,NA,NA,NA,NA,NA,NA,NA,NA
"Atlapetes personatus",NA,NA,NA,NA,NA,NA,NA,NA,NA
"Aulacorhynchus whitelianus",NA,NA,NA,NA,NA,NA,NA,NA,NA
"Guiana2",NA,NA,NA,NA,NA,NA,NA,NA,NA
"Amazilia leucogaster",NA,NA,NA,NA,NA,NA,NA,NA,NA
"Anthracothorax viridigula",NA,NA,NA,NA,NA,NA,NA,NA,NA
"Aratinga solstitialis",NA,NA,NA,NA,NA,NA,NA,NA,NA
"Amazona festiva",NA,NA,NA,NA,NA,NA,NA,NA,NA
"Inambari",NA,NA,NA,NA,NA,NA,NA,NA,NA
"Napo",NA,NA,NA,NA,NA,NA,NA,NA,NA
"Amaurolimnas concolor",NA,NA,NA,NA,NA,NA,NA,NA,NA
"Aramides calopterus",NA,NA,NA,NA,NA,NA,NA,NA,NA
"Aratinga weddellii",NA,NA,NA,NA,NA,NA,NA,NA,NA
"Attila bolivianus",NA,NA,NA,NA,NA,NA,NA,NA,NA
"Jau",NA,NA,NA,NA,NA,NA,NA,NA,NA
"Amazona diadema",NA,NA,NA,NA,NA,NA,NA,NA,NA
"Attila phoenicurus",NA,NA,NA,NA,NA,NA,NA,NA,NA
"Amazona kawalli",NA,NA,NA,NA,NA,NA,NA,NA,NA
"Rondonia",NA,NA,NA,NA,NA,TRUE,4,TRUE,4
"Tapajos",NA,NA,NA,NA,NA,NA,NA,NA,NA
"Amazilia bartletti",NA,NA,NA,NA,NA,NA,NA,NA,NA
"Automolus melanopezus",NA,NA,NA,NA,NA,NA,NA,NA,NA
"Automolus paraensis",NA,NA,NA,NA,NA,NA,NA,NA,NA
"Marajo",NA,NA,NA,NA,NA,NA,NA,NA,NA
"Anodorhynchus hyacinthinus",NA,NA,NA,NA,NA,NA,NA,NA,NA
"Xingu",NA,NA,NA,NA,NA,NA,NA,NA,NA
"Anabazenops dorsalis",NA,NA,NA,NA,NA,NA,NA,NA,NA
"Ammonastes pelzelni",NA,NA,NA,NA,NA,NA,NA,NA,NA
"Aprositornis disjuncta",NA,NA,NA,NA,NA,NA,NA,NA,NA
"Amazona bodini",NA,NA,NA,NA,NA,NA,NA,NA,NA
"Agelasticus xanthophthalmus",NA,NA,NA,NA,NA,NA,NA,NA,NA
"Akletos goeldii",NA,NA,NA,NA,NA,NA,NA,NA,NA
"Aulacorhynchus atrogularis",NA,NA,NA,NA,NA,NA,NA,NA,NA
"Belem",NA,NA,NA,NA,NA,NA,NA,TRUE,5
"Aratinga jandaya",NA,NA,NA,NA,NA,NA,NA,NA,NA
"Aratinga maculata",NA,NA,NA,NA,NA,NA,NA,NA,NA
"NT0170",NA,NA,NA,NA,NA,NA,NA,NA,NA
"NT1401",NA,NA,NA,NA,NA,NA,NA,NA,NA
"NT0143",NA,NA,NA,NA,NA,NA,NA,NA,NA
"NT0158",NA,NA,NA,NA,NA,NA,NA,NA,NA
"NT0169",NA,NA,NA,NA,NA,NA,NA,NA,NA
"NT0173",NA,NA,NA,NA,NA,NA,NA,NA,NA
"NT0182",NA,NA,NA,NA,NA,NA,NA,NA,NA
"NT0707",NA,NA,NA,NA,NA,NA,NA,NA,NA
"NT0156",NA,NA,NA,NA,NA,NA,NA,NA,NA
"NT0157",NA,NA,NA,NA,NA,NA,NA,NA,NA
"NT0166",NA,NA,NA,NA,NA,NA,NA,NA,NA
"NT0174",NA,NA,NA,NA,NA,NA,NA,NA,NA
"NT0142",NA,NA,NA,NA,NA,NA,NA,NA,NA
"NT0163",NA,NA,NA,NA,NA,NA,NA,NA,NA
"NT0140",NA,NA,NA,NA,NA,NA,NA,NA,NA
"NT0168",NA,NA,NA,NA,NA,NA,NA,NA,NA
"NT0180",NA,NA,NA,NA,NA,NA,NA,NA,NA
"NT0709",NA,NA,NA,NA,NA,NA,NA,NA,NA
"Ara glaucogularis",NA,NA,NA,NA,NA,NA,NA,NA,NA
"NT0147",NA,NA,NA,NA,NA,NA,NA,NA,NA
"NT0149",NA,NA,NA,NA,NA,NA,NA,NA,NA
"NT1309",NA,NA,NA,NA,NA,NA,NA,NA,NA
"NT0141",NA,NA,NA,NA,NA,NA,NA,NA,NA
"NT0906",NA,NA,NA,NA,NA,NA,NA,NA,NA
"Automolus subulatus",NA,NA,NA,NA,NA,NA,NA,NA,NA
"Brachygalba lugubris",NA,NA,NA,NA,NA,NA,NA,NA,NA
"Brotogeris cyanoptera",NA,NA,NA,NA,NA,NA,NA,NA,NA
"Bucco capensis",NA,NA,NA,NA,NA,NA,NA,TRUE,1
"Buteo platypterus",NA,NA,NA,NA,NA,NA,NA,NA,NA
"Buteogallus schistaceus",NA,NA,NA,NA,NA,NA,NA,NA,NA
"Cacicus haemorrhous",NA,NA,NA,NA,NA,NA,NA,NA,NA
"Campephilus rubricollis",NA,NA,NA,TRUE,3,TRUE,1,TRUE,1
"Campylorhamphus procurvoides",NA,NA,NA,NA,NA,NA,NA,NA,NA
"Capito auratus",NA,NA,NA,NA,NA,NA,NA,NA,NA
"Capito aurovirens",NA,NA,NA,NA,NA,NA,NA,NA,NA
"Capsiempis flaveola",NA,NA,NA,NA,NA,NA,NA,NA,NA
"Cathartes melambrotus",NA,NA,NA,TRUE,4,TRUE,1,TRUE,1
"Catharus minimus",NA,NA,NA,NA,NA,NA,NA,NA,NA
"Celeus elegans",NA,NA,NA,NA,NA,TRUE,1,TRUE,1
"Celeus flavus",NA,NA,NA,NA,NA,NA,NA,NA,NA
"Celeus grammicus",NA,NA,NA,NA,NA,NA,NA,NA,NA
"Celeus occidentalis",NA,NA,NA,NA,NA,NA,NA,NA,NA
"Cephalopterus ornatus",NA,NA,NA,NA,NA,NA,NA,NA,NA
"Ceratopipra erythrocephala",NA,NA,NA,NA,NA,NA,NA,NA,NA
"Cercomacra cinerascens",NA,NA,NA,NA,NA,TRUE,1,TRUE,1
"Cercomacroides tyrannina",NA,NA,NA,NA,NA,NA,NA,NA,NA
"Certhiasomus stictolaemus",NA,NA,NA,NA,NA,NA,NA,NA,NA
"Chaetura brachyura",NA,NA,NA,NA,NA,NA,NA,NA,NA
"Chaetura cinereiventris",NA,NA,NA,NA,NA,NA,NA,NA,NA
"Chaetura pelagica",NA,NA,NA,NA,NA,NA,NA,NA,NA
"Chamaeza nobilis",NA,NA,NA,NA,NA,NA,NA,NA,NA
"Chlorostilbon mellisugus",NA,NA,NA,NA,NA,NA,NA,NA,NA
"Chlorostilbon olivaresi",NA,NA,NA,NA,NA,NA,NA,NA,NA
"Chordeiles rupestris",NA,NA,NA,NA,NA,NA,NA,NA,NA
"Ciccaba huhula",NA,NA,NA,NA,NA,NA,NA,NA,NA
"Cissopis leverianus",NA,NA,NA,NA,NA,NA,NA,NA,NA
"Cnipodectes subbrunneus",NA,NA,NA,NA,NA,NA,NA,NA,NA
"Colinus cristatus",NA,NA,NA,NA,NA,NA,NA,NA,NA
"Catharus swainsoni",NA,NA,NA,NA,NA,NA,NA,NA,NA
"Chrysomus icterocephalus",NA,NA,NA,NA,NA,NA,NA,NA,NA
"Chrysuronia oenone",NA,NA,NA,NA,NA,NA,NA,NA,NA
"Colibri delphinae",NA,NA,NA,NA,NA,NA,NA,NA,NA
"Automolus rufipileatus",NA,NA,NA,NA,NA,NA,NA,NA,NA
"Berlepschia rikeri",NA,NA,NA,NA,NA,NA,NA,NA,NA
"Calliphlox amethystina",NA,NA,NA,NA,NA,NA,NA,NA,NA
"Campylopterus duidae",NA,NA,NA,NA,NA,NA,NA,NA,NA
"Campylopterus hyperythrus",NA,NA,NA,NA,NA,NA,NA,NA,NA
"Campylopterus largipennis",NA,NA,NA,NA,NA,NA,NA,NA,NA
"Caryothraustes canadensis",NA,NA,NA,NA,NA,NA,NA,NA,NA
"Ceratopipra cornuta",NA,NA,NA,NA,NA,NA,NA,NA,NA
"Chaetura chapmani",NA,NA,NA,NA,NA,NA,NA,NA,NA
"Chaetura spinicaudus",NA,NA,NA,NA,NA,NA,NA,NA,NA
"Chlorostilbon notatus",NA,NA,NA,NA,NA,NA,NA,NA,NA
"Chordeiles pusillus",NA,NA,NA,NA,NA,NA,NA,NA,NA
"Chrysolampis mosquitus",NA,NA,NA,NA,NA,NA,NA,NA,NA
"Cichlopsis gularis",NA,NA,NA,NA,NA,NA,NA,NA,NA
"Clibanornis rubiginosus",NA,NA,NA,NA,NA,NA,NA,NA,NA
"Coccyzus euleri",NA,NA,NA,NA,NA,NA,NA,NA,NA
"Avocettula recurvirostris",NA,NA,NA,NA,NA,NA,NA,NA,NA
"Brotogeris chrysoptera",NA,NA,NA,NA,NA,NA,NA,NA,NA
"Capito niger",NA,NA,NA,TRUE,5,TRUE,3,TRUE,3
"Caryothraustes erythromelas",NA,NA,NA,NA,NA,NA,NA,NA,NA
"Celeus torquatus",NA,NA,NA,NA,NA,NA,NA,NA,NA
"Celeus undatus",NA,NA,NA,NA,NA,NA,NA,NA,NA
"Chiroxiphia pareola",NA,NA,NA,NA,NA,NA,NA,NA,NA
"Colonia colonus",NA,NA,NA,NA,NA,NA,NA,NA,NA
"Brotogeris versicolurus",NA,NA,NA,NA,NA,NA,NA,NA,NA
"Certhiaxis mustelinus",NA,NA,NA,NA,NA,NA,NA,NA,NA
"Baryphthengus martii",NA,NA,NA,NA,NA,NA,NA,NA,NA
"Brachygalba albogularis",NA,NA,NA,NA,NA,NA,NA,NA,NA
"Brotogeris sanctithomae",NA,NA,NA,NA,NA,NA,NA,NA,NA
"Cacicus latirostris",NA,NA,NA,NA,NA,NA,NA,NA,NA
"Cacicus oseryi",NA,NA,NA,NA,NA,NA,NA,NA,NA
"Cacicus sclateri",NA,NA,NA,NA,NA,NA,NA,NA,NA
"Campylorhamphus trochilirostris",NA,NA,NA,NA,NA,NA,NA,NA,NA
"Campylorhynchus turdinus",NA,NA,NA,NA,NA,NA,NA,NA,NA
"Celeus spectabilis",NA,NA,NA,NA,NA,NA,NA,NA,NA
"Ceratopipra rubrocapilla",NA,NA,NA,NA,NA,NA,NA,NA,NA
"Cercomacroides fuscicauda",NA,NA,NA,NA,NA,NA,NA,NA,NA
"Cercomacroides serva",NA,NA,NA,NA,NA,NA,NA,NA,NA
"Colaptes punctigula",NA,NA,NA,NA,NA,NA,NA,NA,NA
"Cantorchilus griseus",NA,NA,NA,NA,NA,NA,NA,NA,NA
"Cercomacroides nigrescens",NA,NA,NA,NA,NA,NA,NA,NA,NA
"Coccycua cinerea",NA,NA,NA,NA,NA,NA,NA,NA,NA
"Campylorhamphus probatus",NA,NA,NA,NA,NA,NA,NA,NA,NA
"Cantorchilus guarayanus",NA,NA,NA,NA,NA,NA,NA,NA,NA
"Capito brunneipectus",NA,NA,NA,NA,NA,NA,NA,NA,NA
"Capito dayi",NA,NA,NA,NA,NA,NA,NA,NA,NA
"Casiornis rufus",NA,NA,NA,NA,NA,NA,NA,NA,NA
"Chaetura egregia",NA,NA,NA,NA,NA,NA,NA,NA,NA
"Clytoctantes atrogularis",NA,NA,NA,NA,NA,NA,NA,NA,NA
"Brotogeris chiriri",NA,NA,NA,NA,NA,NA,NA,NA,NA
"Cercomacra manu",NA,NA,NA,NA,NA,NA,NA,NA,NA
"Cnipodectes superrufus",NA,NA,NA,NA,NA,NA,NA,NA,NA
"Cacicus koepckeae",NA,NA,NA,NA,NA,NA,NA,NA,NA
"Ceratopipra chloromeros",NA,NA,NA,NA,NA,NA,NA,NA,NA
"Cercomacra melanaria",NA,NA,NA,NA,NA,NA,NA,NA,NA
"Campylorhamphus multostriatus",NA,NA,NA,NA,NA,NA,NA,NA,NA
"Casiornis fuscus",NA,NA,NA,NA,NA,NA,NA,NA,NA
"Cercomacroides laeta",NA,NA,NA,NA,NA,NA,NA,NA,NA
"Cercomacra carbonaria",NA,NA,NA,NA,NA,NA,NA,NA,NA
"Celeus obrieni",NA,NA,NA,NA,NA,NA,NA,NA,NA
"Cercomacra ferdinandi",NA,NA,NA,NA,NA,NA,NA,NA,NA
"Cichlopsis peruviana",NA,NA,NA,NA,NA,NA,NA,NA,NA
"Conopias parvus",NA,NA,NA,NA,NA,NA,NA,NA,NA
"Conopophaga aurita",NA,NA,NA,NA,NA,NA,NA,NA,NA
"Contopus sordidulus",NA,NA,NA,NA,NA,NA,NA,NA,NA
"Corythopis torquatus",NA,NA,NA,TRUE,4,TRUE,1,TRUE,1
"Cotinga cayana",NA,NA,NA,NA,NA,TRUE,1,TRUE,1
"Cotinga maynana",NA,NA,NA,NA,NA,NA,NA,NA,NA
"Crax alector",NA,NA,NA,NA,NA,NA,NA,NA,NA
"Crypturellus casiquiare",NA,NA,NA,NA,NA,NA,NA,NA,NA
"Crypturellus cinereus",NA,NA,NA,NA,NA,NA,NA,NA,NA
"Crypturellus variegatus",NA,NA,NA,NA,NA,NA,NA,TRUE,1
"Cyanerpes caeruleus",NA,NA,NA,NA,NA,NA,NA,NA,NA
"Cyanerpes nitidus",NA,NA,NA,NA,NA,NA,NA,NA,NA
"Cyanocorax violaceus",NA,NA,NA,NA,NA,NA,NA,NA,NA
"Cyanoloxia rothschildii",NA,NA,NA,NA,NA,TRUE,1,TRUE,1
"Cymbilaimus lineatus",NA,NA,NA,NA,NA,NA,NA,NA,NA
"Cyphorhinus arada",NA,NA,NA,NA,NA,NA,NA,NA,NA
"Cyphos macrodactylus",NA,NA,NA,NA,NA,NA,NA,NA,NA
"Dacnis albiventris",NA,NA,NA,NA,NA,NA,NA,NA,NA
"Dacnis flaviventer",NA,NA,NA,NA,NA,NA,NA,NA,NA
"Dacnis lineata",NA,NA,NA,NA,NA,TRUE,1,TRUE,1
"Daptrius ater",NA,NA,NA,NA,NA,TRUE,1,TRUE,1
"Dendrocincla merula",NA,NA,NA,NA,NA,NA,NA,NA,NA
"Dendrocolaptes certhia",NA,NA,NA,TRUE,2,TRUE,1,TRUE,1
"Deroptyus accipitrinus",NA,NA,NA,NA,NA,NA,NA,NA,NA
"Dichrozona cincta",NA,NA,NA,NA,NA,NA,NA,NA,NA
"Discosura langsdorffi",NA,NA,NA,NA,NA,NA,NA,NA,NA
"Elaenia ruficeps",NA,NA,NA,NA,NA,NA,NA,NA,NA
"Elaenia spectabilis",NA,NA,NA,NA,NA,NA,NA,NA,NA
"Elaenia strepera",NA,NA,NA,NA,NA,NA,NA,NA,NA
"Empidonax traillii",NA,NA,NA,NA,NA,NA,NA,NA,NA
"Epinecrophylla erythrura",NA,NA,NA,NA,NA,NA,NA,NA,NA
"Epinecrophylla haematonota",NA,NA,NA,NA,NA,NA,NA,NA,NA
"Dendrocolaptes picumnus",NA,NA,NA,NA,NA,NA,NA,NA,NA
"Doryfera johannae",NA,NA,NA,NA,NA,NA,NA,NA,NA
"Elaenia chiriquensis",NA,NA,NA,NA,NA,NA,NA,NA,NA
"Corapipo gutturalis",NA,NA,NA,NA,NA,NA,NA,NA,NA
"Cranioleuca demissa",NA,NA,NA,NA,NA,NA,NA,NA,NA
"Cyanicterus cyanicterus",NA,NA,NA,NA,NA,NA,NA,NA,NA
"Cyanocorax cayanus",NA,NA,NA,NA,NA,NA,NA,NA,NA
"Diglossa duidae",NA,NA,NA,NA,NA,NA,NA,NA,NA
"Diglossa major",NA,NA,NA,NA,NA,NA,NA,NA,NA
"Diopsittaca nobilis",NA,NA,NA,NA,NA,NA,NA,NA,NA
"Discosura longicaudus",NA,NA,NA,NA,NA,NA,NA,NA,NA
"Dromococcyx pavoninus",NA,NA,NA,NA,NA,NA,NA,NA,NA
"Elaenia cristata",NA,NA,NA,NA,NA,NA,NA,NA,NA
"Elaenia olivina",NA,NA,NA,NA,NA,NA,NA,NA,NA
"Contopus albogularis",NA,NA,NA,NA,NA,NA,NA,NA,NA
"Cotinga cotinga",NA,NA,NA,NA,NA,NA,NA,NA,NA
"Crypturellus brevirostris",NA,NA,NA,NA,NA,NA,NA,NA,NA
"Crypturellus erythropus",NA,NA,NA,NA,NA,NA,NA,NA,NA
"Deconychura longicauda",NA,NA,NA,NA,NA,NA,NA,NA,NA
"Dendrexetastes rufigula",NA,NA,NA,NA,NA,NA,NA,NA,NA
"Epinecrophylla gutturalis",NA,NA,NA,TRUE,5,TRUE,3,TRUE,3
"Conirostrum bicolor",NA,NA,NA,NA,NA,NA,NA,NA,NA
"Cranioleuca muelleri",NA,NA,NA,NA,NA,NA,NA,NA,NA
"Elaenia pelzelni",NA,NA,NA,NA,NA,NA,NA,NA,NA
"Conirostrum speciosum",NA,NA,NA,NA,NA,NA,NA,NA,NA
"Conopophaga peruviana",NA,NA,NA,NA,NA,NA,NA,NA,NA
"Cranioleuca vulpecula",NA,NA,NA,NA,NA,NA,NA,NA,NA
"Crax globulosa",NA,NA,NA,NA,NA,NA,NA,NA,NA
"Crypturellus bartletti",NA,NA,NA,NA,NA,NA,NA,NA,NA
"Deconychura pallida",NA,NA,NA,NA,NA,NA,NA,NA,NA
"Electron platyrhynchum",NA,NA,NA,NA,NA,NA,NA,NA,NA
"Eubucco aurantiicollis",NA,NA,NA,NA,NA,NA,NA,NA,NA
"Crypturellus duidae",NA,NA,NA,NA,NA,NA,NA,NA,NA
"Cyanocorax heilprini",NA,NA,NA,NA,NA,NA,NA,NA,NA
"Conopias trivirgatus",NA,NA,NA,NA,NA,NA,NA,NA,NA
"Dendroplex kienerii",NA,NA,NA,NA,NA,NA,NA,NA,NA
"Drymophila devillei",NA,NA,NA,NA,NA,NA,NA,NA,NA
"Epinecrophylla amazonica",NA,NA,NA,NA,NA,NA,NA,NA,NA
"Conopophaga melanogaster",NA,NA,NA,NA,NA,NA,NA,NA,NA
"Conopophaga snethlageae",NA,NA,NA,NA,NA,NA,NA,NA,NA
"Cranioleuca vulpina",NA,NA,NA,NA,NA,NA,NA,NA,NA
"Crypturellus parvirostris",NA,NA,NA,NA,NA,NA,NA,TRUE,6
"Crypturellus strigulosus",NA,NA,NA,NA,NA,NA,NA,NA,NA
"Cymbilaimus sanctaemariae",NA,NA,NA,NA,NA,NA,NA,NA,NA
"Dendrocolaptes hoffmannsi",NA,NA,NA,NA,NA,NA,NA,NA,NA
"Diopsittaca cumanensis",NA,NA,NA,NA,NA,NA,NA,NA,NA
"Epinecrophylla hoffmannsi",NA,NA,NA,NA,NA,NA,NA,NA,NA
"Epinecrophylla leucophthalma",NA,NA,NA,NA,NA,NA,NA,NA,NA
"Crax fasciolata",NA,NA,NA,NA,NA,NA,NA,NA,NA
"Cyanocorax cristatellus",NA,NA,NA,NA,NA,NA,NA,NA,NA
"Conirostrum margaritae",NA,NA,NA,NA,NA,NA,NA,NA,NA
"Cryptopipo holochlora",NA,NA,NA,NA,NA,NA,NA,NA,NA
"Discosura popelairii",NA,NA,NA,NA,NA,NA,NA,NA,NA
"Elaenia gigas",NA,NA,NA,NA,NA,NA,NA,NA,NA
"Epinecrophylla ornata",NA,NA,NA,NA,NA,NA,NA,NA,NA
"Cyanocorax hafferi",NA,NA,NA,NA,NA,NA,NA,NA,NA
"Conioptilon mcilhennyi",NA,NA,NA,NA,NA,NA,NA,NA,NA
"Conothraupis speculigera",NA,NA,NA,NA,NA,NA,NA,NA,NA
"Crypturellus atrocapillus",NA,NA,NA,NA,NA,NA,NA,NA,NA
"Crypturellus ptaritepui",NA,NA,NA,NA,NA,NA,NA,NA,NA
"Elaenia dayi",NA,NA,NA,NA,NA,NA,NA,NA,NA
"Emberizoides duidae",NA,NA,NA,NA,NA,NA,NA,NA,NA
"Conopophaga roberti",NA,NA,NA,NA,NA,NA,NA,NA,NA
"Contopus nigrescens",NA,NA,NA,NA,NA,NA,NA,NA,NA
"Crax pinima",NA,NA,NA,NA,NA,NA,NA,NA,NA
"Epinecrophylla spodionota",NA,NA,NA,NA,NA,NA,NA,NA,NA
"Cypsnagra hirundinacea",NA,NA,NA,NA,NA,NA,NA,NA,NA
"Eubucco richardsoni",NA,NA,NA,NA,NA,NA,NA,NA,NA
"Euphonia chrysopasta",NA,NA,NA,NA,NA,NA,NA,NA,NA
"Euphonia minuta",NA,NA,NA,NA,NA,NA,NA,NA,NA
"Euphonia rufiventris",NA,NA,NA,NA,NA,NA,NA,NA,NA
"Euphonia xanthogaster",NA,NA,NA,NA,NA,NA,NA,NA,NA
"Formicarius analis",NA,NA,NA,NA,NA,NA,NA,NA,NA
"Formicarius colma",NA,NA,NA,NA,NA,NA,NA,NA,NA
"Formicivora grisea",NA,NA,NA,NA,NA,NA,NA,NA,NA
"Forpus modestus",NA,NA,NA,NA,NA,NA,NA,NA,NA
"Galbalcyrhynchus leucotis",NA,NA,NA,NA,NA,NA,NA,NA,NA
"Galbula chalcocephala",NA,NA,NA,NA,NA,NA,NA,NA,NA
"Galbula dea",NA,NA,NA,NA,NA,NA,NA,NA,NA
"Galbula tombacea",NA,NA,NA,NA,NA,NA,NA,NA,NA
"Glaucis hirsutus",NA,NA,NA,NA,NA,NA,NA,NA,NA
"Glyphorynchus spirurus",NA,NA,NA,NA,NA,NA,NA,NA,NA
"Gymnopithys leucaspis",NA,NA,NA,NA,NA,NA,NA,NA,NA
"Habia rubica",NA,NA,NA,NA,NA,NA,NA,NA,NA
"Hafferia fortis",NA,NA,NA,NA,NA,NA,NA,NA,NA
"Helicolestes hamatus",NA,NA,NA,NA,NA,NA,NA,NA,NA
"Heliodoxa aurescens",NA,NA,NA,NA,NA,NA,NA,NA,NA
"Heliodoxa schreibersii",NA,NA,NA,NA,NA,NA,NA,NA,NA
"Heliothryx auritus",NA,NA,NA,NA,NA,TRUE,1,TRUE,1
"Hemithraupis flavicollis",NA,NA,NA,NA,NA,NA,NA,NA,NA
"Hemitriccus zosterops",NA,NA,NA,NA,NA,NA,NA,NA,NA
"Henicorhina leucosticta",NA,NA,NA,NA,NA,NA,NA,NA,NA
"Herpsilochmus dorsimaculatus",NA,NA,NA,NA,NA,NA,NA,NA,NA
"Heterocercus flavivertex",NA,NA,NA,NA,NA,NA,NA,NA,NA
"Hydropsalis climacocerca",NA,NA,NA,NA,NA,NA,NA,NA,NA
"Eupsittula pertinax",NA,NA,NA,NA,NA,NA,NA,NA,NA
"Fluvicola pica",NA,NA,NA,NA,NA,NA,NA,NA,NA
"Gymnomystax mexicanus",NA,NA,NA,NA,NA,NA,NA,NA,NA
"Herpsilochmus scapularis",NA,NA,NA,NA,NA,NA,NA,NA,NA
"Hirundinea ferruginea",NA,NA,NA,NA,NA,NA,NA,NA,NA
"Euchrepomis spodioptila",NA,NA,NA,NA,NA,NA,NA,NA,NA
"Euphonia cayennensis",NA,NA,NA,NA,NA,NA,NA,NA,NA
"Euphonia chlorotica",NA,NA,NA,NA,NA,NA,NA,NA,NA
"Euphonia finschi",NA,NA,NA,NA,NA,NA,NA,NA,NA
"Euphonia plumbea",NA,NA,NA,NA,NA,NA,NA,NA,NA
"Euphonia violacea",NA,NA,NA,NA,NA,NA,NA,NA,NA
"Frederickena viridis",NA,NA,NA,NA,NA,NA,NA,NA,NA
"Galbula albirostris",NA,NA,NA,NA,NA,NA,NA,NA,NA
"Galbula galbula",NA,NA,NA,NA,NA,NA,NA,TRUE,2
"Granatellus pelzelni",NA,NA,NA,NA,NA,NA,NA,NA,NA
"Gymnopithys rufigula",NA,TRUE,1,TRUE,1,TRUE,2,TRUE,2
"Heliodoxa xanthogonys",NA,NA,NA,NA,NA,NA,NA,NA,NA
"Herpsilochmus roraimae",NA,NA,NA,NA,NA,NA,NA,NA,NA
"Herpsilochmus stictocephalus",NA,NA,NA,NA,NA,NA,NA,NA,NA
"Herpsilochmus sticturus",NA,NA,NA,NA,NA,NA,NA,NA,NA
"Hydropsalis cayennensis",NA,NA,NA,NA,NA,NA,NA,NA,NA
"Eucometis penicillata",NA,NA,NA,NA,NA,NA,NA,NA,NA
"Falco deiroleucus",NA,NA,NA,NA,NA,NA,NA,NA,NA
"Forpus passerinus",NA,NA,NA,NA,NA,NA,NA,NA,NA
"Galbula leucogastra",NA,NA,NA,NA,NA,NA,NA,NA,NA
"Glaucidium hardyi",NA,NA,NA,NA,NA,NA,NA,NA,NA
"Grallaria varia",NA,NA,NA,NA,NA,NA,NA,NA,NA
"Gymnoderus foetidus",NA,NA,NA,NA,NA,NA,NA,NA,NA
"Haematoderus militaris",NA,NA,NA,NA,NA,NA,NA,NA,NA
"Hemitriccus josephinae",NA,NA,NA,NA,NA,NA,NA,NA,NA
"Furnarius minor",NA,NA,NA,NA,NA,NA,NA,NA,NA
"Euchrepomis humeralis",NA,NA,NA,NA,NA,NA,NA,NA,NA
"Euphonia laniirostris",NA,NA,NA,NA,NA,NA,NA,NA,NA
"Frederickena unduliger",NA,NA,NA,NA,NA,NA,NA,NA,NA
"Furnarius leucopus",NA,NA,NA,NA,NA,NA,NA,NA,NA
"Furnarius torridus",NA,NA,NA,NA,NA,NA,NA,NA,NA
"Galbula chalcothorax",NA,NA,NA,NA,NA,NA,NA,NA,NA
"Galbula cyanescens",NA,NA,NA,NA,NA,NA,NA,NA,NA
"Grallaria dignissima",NA,NA,NA,NA,NA,NA,NA,NA,NA
"Grallaria eludens",NA,NA,NA,NA,NA,NA,NA,NA,NA
"Graydidascalus brachyurus",NA,NA,NA,NA,NA,NA,NA,NA,NA
"Hemitriccus iohannis",NA,NA,NA,NA,NA,NA,NA,NA,NA
"Heterocercus aurantiivertex",NA,NA,NA,NA,NA,NA,NA,NA,NA
"Hemitriccus inornatus",NA,NA,NA,NA,NA,NA,NA,NA,NA
"Hemitriccus minor",NA,NA,NA,NA,NA,NA,NA,NA,NA
"Fluvicola albiventer",NA,NA,NA,NA,NA,NA,NA,NA,NA
"Galbalcyrhynchus purusianus",NA,NA,NA,NA,NA,NA,NA,NA,NA
"Galbula cyanicollis",NA,NA,NA,NA,NA,NA,NA,NA,NA
"Hemitriccus griseipectus",NA,NA,NA,NA,NA,NA,NA,NA,NA
"Herpsilochmus praedictus",NA,NA,NA,NA,NA,NA,NA,NA,NA
"Heterocercus linteatus",NA,NA,NA,NA,NA,NA,NA,NA,NA
"Formicivora rufa",NA,NA,NA,NA,NA,NA,NA,NA,NA
"Galbula ruficauda",NA,NA,NA,NA,NA,NA,NA,NA,NA
"Guaruba guarouba",NA,NA,NA,NA,NA,NA,NA,NA,NA
"Harpagus diodon",NA,NA,NA,NA,NA,NA,NA,NA,NA
"Hemitriccus flammulatus",NA,NA,NA,NA,NA,NA,NA,NA,NA
"Hemitriccus minimus",NA,NA,NA,NA,NA,NA,NA,NA,NA
"Hemitriccus striaticollis",NA,NA,NA,NA,NA,NA,NA,NA,NA
"Herpsilochmus stotzi",NA,NA,NA,NA,NA,NA,NA,NA,NA
"Eupsittula aurea",NA,NA,NA,NA,NA,NA,NA,NA,NA
"Granatellus paraensis",NA,NA,NA,NA,NA,NA,NA,NA,NA
"Eutoxeres condamini",NA,NA,NA,NA,NA,NA,NA,NA,NA
"Geotrygon saphirina",NA,NA,NA,NA,NA,NA,NA,NA,NA
"Heliodoxa gularis",NA,NA,NA,NA,NA,NA,NA,NA,NA
"Herpsilochmus dugandi",NA,NA,NA,NA,NA,NA,NA,NA,NA
"Herpsilochmus gentryi",NA,NA,NA,NA,NA,NA,NA,NA,NA
"Eubucco tucinkae",NA,NA,NA,NA,NA,NA,NA,NA,NA
"Formicarius rufifrons",NA,NA,NA,NA,NA,NA,NA,NA,NA
"Heliodoxa branickii",NA,NA,NA,NA,NA,NA,NA,NA,NA
"Hemitriccus cohnhafti",NA,NA,NA,NA,NA,NA,NA,NA,NA
"Herpsilochmus longirostris",NA,NA,NA,NA,NA,NA,NA,NA,NA
"Heliodoxa whitelyana",NA,NA,NA,NA,NA,NA,NA,NA,NA
"Hylophilus brunneiceps",NA,NA,NA,NA,NA,NA,NA,NA,NA
"Hylophylax naevius",NA,NA,NA,NA,NA,NA,NA,TRUE,1
"Hypocnemis flavescens",NA,NA,NA,NA,NA,NA,NA,NA,NA
"Hypocnemis hypoxantha",NA,NA,NA,NA,NA,NA,NA,NA,NA
"Hypocnemoides melanopogon",NA,NA,NA,NA,NA,NA,NA,NA,NA
"Ibycter americanus",NA,NA,NA,NA,NA,NA,NA,NA,NA
"Icterus chrysocephalus",NA,NA,NA,NA,NA,NA,NA,NA,NA
"Ictinia mississippiensis",NA,NA,NA,NA,NA,NA,NA,NA,NA
"Iodopleura isabellae",NA,NA,NA,NA,NA,NA,NA,NA,NA
"Isleria hauxwelli",NA,NA,NA,NA,NA,NA,NA,NA,NA
"Islerothraupis cristata",NA,NA,NA,NA,NA,NA,NA,NA,NA
"Jacamerops aureus",NA,NA,NA,NA,NA,NA,NA,NA,NA
"Laniocera hypopyrra",NA,NA,NA,NA,NA,TRUE,1,TRUE,1
"Leistes militaris",NA,NA,NA,NA,NA,NA,NA,NA,NA
"Lepidothrix coronata",NA,NA,NA,NA,NA,NA,NA,NA,NA
"Leucopternis melanops",NA,NA,NA,NA,NA,NA,NA,NA,NA
"Lipaugus vociferans",NA,NA,NA,NA,NA,TRUE,1,TRUE,1
"Lophornis verreauxii",NA,NA,NA,NA,NA,NA,NA,NA,NA
"Lophotriccus galeatus",NA,NA,NA,NA,NA,NA,NA,NA,NA
"Lophotriccus vitiosus",NA,NA,NA,NA,NA,NA,NA,NA,NA
"Machaeropterus striolatus",NA,NA,NA,NA,NA,NA,NA,NA,NA
"Malacoptila fusca",NA,NA,NA,NA,NA,NA,NA,NA,NA
"Manacus manacus",NA,NA,NA,NA,NA,NA,NA,NA,NA
"Maschalethraupis surinama",NA,NA,NA,NA,NA,NA,NA,NA,NA
"Megascops watsonii",NA,NA,NA,NA,NA,NA,NA,TRUE,1
"Megastictus margaritatus",NA,NA,NA,NA,NA,NA,NA,NA,NA
"Melanerpes cruentatus",NA,NA,NA,NA,NA,TRUE,1,TRUE,1
"Micrastur gilvicollis",NA,NA,NA,NA,NA,NA,NA,NA,NA
"Micrastur mirandollei",NA,NA,NA,NA,NA,NA,NA,NA,NA
"Microbates collaris",NA,NA,NA,NA,NA,NA,NA,NA,NA
"Microcerculus marginatus",NA,NA,NA,NA,NA,NA,NA,NA,NA
"Micromonacha lanceolata",NA,NA,NA,NA,NA,NA,NA,NA,NA
"Microxenops milleri",NA,NA,NA,NA,NA,NA,NA,NA,NA
"Mitu salvini",NA,NA,NA,NA,NA,NA,NA,NA,NA
"Mitu tomentosum",NA,NA,NA,NA,NA,NA,NA,NA,NA
"Momotus momota",NA,NA,NA,NA,NA,NA,NA,NA,NA
"Monasa morphoeus",NA,NA,NA,NA,NA,NA,NA,NA,NA
"Monasa nigrifrons",NA,NA,NA,NA,NA,NA,NA,NA,NA
"Myiobius barbatus",NA,NA,NA,NA,NA,NA,NA,NA,NA
"Myiodynastes luteiventris",NA,NA,NA,NA,NA,NA,NA,NA,NA
"Myiodynastes maculatus",NA,NA,NA,NA,NA,NA,NA,NA,NA
"Myiothlypis fulvicauda",NA,NA,NA,NA,NA,NA,NA,NA,NA
"Myiozetetes cayanensis",NA,NA,NA,NA,NA,NA,NA,NA,NA
"Myiozetetes granadensis",NA,NA,NA,NA,NA,NA,NA,NA,NA
"Myiozetetes luteiventris",NA,NA,NA,NA,NA,NA,NA,NA,NA
"Myrmelastes leucostigma",NA,NA,NA,NA,NA,NA,NA,NA,NA
"Myrmoborus myotherinus",NA,NA,NA,NA,NA,NA,NA,NA,NA
"Myrmophylax atrothorax",NA,NA,NA,TRUE,3,TRUE,1,TRUE,1
"Myrmothera campanisona",NA,NA,NA,NA,NA,NA,NA,NA,NA
"Myrmotherula axillaris",NA,NA,NA,NA,NA,NA,NA,NA,NA
"Myrmotherula brachyura",NA,NA,NA,TRUE,2,TRUE,1,TRUE,1
"Myrmotherula cherriei",NA,NA,NA,NA,NA,NA,NA,NA,NA
"Myrmotherula ignota",NA,NA,NA,NA,NA,NA,NA,NA,NA
"Myrmotherula longipennis",NA,NA,NA,NA,NA,NA,NA,NA,NA
"Myrmotherula menetriesii",NA,NA,NA,TRUE,4,TRUE,1,TRUE,1
"Myrmotherula multostriata",NA,NA,NA,NA,NA,NA,NA,NA,NA
"Nasica longirostris",NA,NA,NA,NA,NA,NA,NA,NA,NA
"Neochen jubata",NA,NA,NA,NA,NA,NA,NA,NA,NA
"Neoctantes niger",NA,NA,NA,NA,NA,NA,NA,NA,NA
"Neomorphus pucheranii",NA,NA,NA,NA,NA,NA,NA,NA,NA
"Nonnula rubecula",NA,NA,NA,NA,NA,NA,NA,NA,NA
"Notharchus tectus",NA,NA,NA,NA,NA,NA,NA,NA,NA
"Nothocrax urumutum",NA,NA,NA,NA,NA,NA,NA,NA,NA
"Nyctibius aethereus",NA,NA,NA,NA,NA,NA,NA,NA,NA
"Nyctibius bracteatus",NA,NA,NA,NA,NA,NA,NA,NA,NA
"Nyctipolus nigrescens",NA,NA,NA,NA,NA,NA,NA,NA,NA
"Nyctiprogne leucopyga",NA,NA,NA,NA,NA,NA,NA,NA,NA
"Nystactes tamatia",NA,NA,NA,NA,NA,NA,NA,NA,NA
"Ochthornis littoralis",NA,NA,NA,NA,NA,NA,NA,NA,NA
"Odontophorus gujanensis",NA,NA,NA,NA,NA,NA,NA,NA,NA
"Onychorhynchus coronatus",NA,NA,NA,NA,NA,TRUE,1,TRUE,1
"Opisthocomus hoazin",NA,NA,NA,NA,NA,NA,NA,NA,NA
"Oporornis agilis",NA,NA,NA,NA,NA,NA,NA,NA,NA
"Ornithion inerme",NA,NA,NA,NA,NA,TRUE,1,TRUE,1
"Ortalis guttata",NA,NA,NA,NA,NA,NA,NA,NA,NA
"Orthopsittaca manilatus",NA,NA,NA,NA,NA,NA,NA,NA,NA
"Pachyramphus castaneus",NA,NA,NA,NA,NA,NA,NA,NA,NA
"Pachyramphus marginatus",NA,NA,NA,NA,NA,NA,NA,NA,NA
"Pachyramphus minor",NA,NA,NA,TRUE,3,TRUE,1,TRUE,1
"Pachysylvia hypoxantha",NA,NA,NA,NA,NA,NA,NA,NA,NA
"Paroaria gularis",NA,NA,NA,NA,NA,NA,NA,NA,NA
"Patagioenas plumbea",NA,NA,NA,NA,NA,NA,NA,NA,NA
"Patagioenas subvinacea",NA,NA,NA,NA,NA,NA,NA,NA,NA
"Penelope jacquacu",NA,NA,NA,NA,NA,NA,NA,NA,NA
"Phaethornis atrimentalis",NA,NA,NA,NA,NA,NA,NA,NA,NA
"Phaethornis bourcieri",NA,NA,NA,NA,NA,NA,NA,NA,NA
"Phaethornis hispidus",NA,NA,NA,NA,NA,NA,NA,NA,NA
"Phaethornis malaris",NA,NA,NA,NA,NA,NA,NA,NA,NA
"Pharomachrus pavoninus",NA,NA,NA,NA,NA,NA,NA,NA,NA
"Pheugopedius coraya",NA,NA,NA,NA,NA,NA,NA,NA,NA
"Philydor erythrocercum",NA,NA,NA,NA,NA,NA,NA,NA,NA
"Philydor erythropterum",NA,NA,NA,NA,NA,NA,NA,NA,NA
"Philydor pyrrhodes",NA,NA,NA,NA,NA,NA,NA,TRUE,1
"Phlegopsis erythroptera",NA,NA,NA,NA,NA,NA,NA,NA,NA
"Phlegopsis nigromaculata",NA,NA,NA,NA,NA,NA,NA,NA,NA
"Phoenicircus nigricollis",NA,NA,NA,NA,NA,NA,NA,NA,NA
"Piaya melanogaster",NA,NA,NA,NA,NA,NA,NA,NA,NA
"Piculus flavigula",NA,NA,NA,NA,NA,NA,NA,NA,NA
"Picumnus lafresnayi",NA,NA,NA,NA,NA,NA,NA,NA,NA
"Pionites melanocephalus",NA,NA,NA,NA,NA,NA,NA,NA,NA
"Pipile cumanensis",NA,NA,NA,NA,NA,NA,NA,NA,NA
"Pipra filicauda",NA,NA,NA,NA,NA,NA,NA,NA,NA
"Piprites chloris",NA,NA,NA,NA,NA,NA,NA,NA,NA
"Piranga olivacea",NA,NA,NA,NA,NA,NA,NA,NA,NA
"Piranga rubra",NA,NA,NA,NA,NA,NA,NA,NA,NA
"Pithys albifrons",NA,NA,NA,NA,NA,NA,NA,NA,NA
"Knipolegus poecilurus",NA,NA,NA,NA,NA,NA,NA,NA,NA
"Myrmeciza longipes",NA,NA,NA,NA,NA,NA,NA,NA,NA
"Phaethornis augusti",NA,NA,NA,NA,NA,NA,NA,NA,NA
"Phaethornis griseogularis",NA,NA,NA,NA,NA,NA,NA,NA,NA
"Hylocharis cyanus",NA,NA,NA,NA,NA,NA,NA,NA,NA
"Hylophilus semicinereus",NA,NA,NA,NA,NA,NA,NA,NA,NA
"Hypocnemis cantator",NA,NA,NA,NA,NA,NA,NA,NA,NA
"Icterus nigrogularis",NA,NA,NA,NA,NA,NA,NA,NA,NA
"Iodopleura fusca",NA,NA,NA,NA,NA,NA,NA,NA,NA
"Isleria guttata",NA,TRUE,1,TRUE,1,TRUE,2,TRUE,2
"Islerothraupis luctuosa",NA,NA,NA,NA,NA,NA,NA,NA,NA
"Knipolegus poecilocercus",NA,NA,NA,NA,NA,NA,NA,NA,NA
"Lanio fulvus",NA,NA,NA,NA,NA,NA,NA,NA,NA
"Lepidocolaptes duidae",NA,NA,NA,NA,NA,NA,NA,NA,NA
"Lepidothrix suavissima",NA,NA,NA,NA,NA,NA,NA,NA,NA
"Leptopogon amaurocephalus",NA,NA,NA,NA,NA,NA,NA,NA,NA
"Lipaugus streptophorus",NA,NA,NA,NA,NA,NA,NA,NA,NA
"Lophornis ornatus",NA,NA,NA,NA,NA,NA,NA,NA,NA
"Lophornis pavoninus",NA,NA,NA,NA,NA,NA,NA,NA,NA
"Macroagelaius imthurni",NA,NA,NA,NA,NA,NA,NA,NA,NA
"Microcerculus bambla",NA,NA,NA,NA,NA,NA,NA,NA,NA
"Microcerculus ustulatus",NA,NA,NA,NA,NA,NA,NA,NA,NA
"Mionectes roraimae",NA,NA,NA,NA,NA,NA,NA,NA,NA
"Mitrospingus oleagineus",NA,NA,NA,NA,NA,NA,NA,NA,NA
"Monasa atra",NA,TRUE,1,TRUE,1,TRUE,2,TRUE,2
"Myioborus albifacies",NA,NA,NA,NA,NA,NA,NA,NA,NA
"Myioborus castaneocapilla",NA,NA,NA,NA,NA,NA,NA,NA,NA
"Myiopagis cinerea",NA,NA,NA,NA,NA,NA,NA,NA,NA
"Myiopagis flavivertex",NA,NA,NA,NA,NA,NA,NA,NA,NA
"Myiophobus roraimae",NA,NA,NA,NA,NA,NA,NA,NA,NA
"Myiornis ecaudatus",NA,NA,NA,NA,NA,NA,NA,NA,NA
"Myiothlypis mesoleucus",NA,NA,NA,NA,NA,NA,NA,NA,NA
"Myiothlypis roraimae",NA,NA,NA,NA,NA,NA,NA,NA,NA
"Myrmelastes caurensis",NA,NA,NA,NA,NA,NA,NA,NA,NA
"Myrmelastes saturatus",NA,NA,NA,NA,NA,NA,NA,NA,NA
"Myrmoborus leucophrys",NA,NA,NA,NA,NA,NA,NA,NA,NA
"Myrmornis torquata",NA,NA,NA,NA,NA,NA,NA,NA,NA
"Myrmothera simplex",NA,NA,NA,NA,NA,NA,NA,NA,NA
"Myrmotherula behni",NA,NA,NA,NA,NA,NA,NA,NA,NA
"Myrmotherula surinamensis",NA,NA,NA,NA,NA,NA,NA,NA,NA
"Nannopsittaca panychlora",NA,NA,NA,NA,NA,NA,NA,NA,NA
"Neomorphus rufipennis",NA,NA,NA,NA,NA,NA,NA,NA,NA
"Neopelma chrysocephalum",NA,NA,NA,NA,NA,NA,NA,NA,NA
"Notharchus hyperrhynchus",NA,NA,NA,NA,NA,NA,NA,NA,NA
"Notharchus ordii",NA,NA,NA,NA,NA,NA,NA,NA,NA
"Ortalis motmot",NA,NA,NA,NA,NA,NA,NA,NA,NA
"Oxyruncus cristatus",NA,NA,NA,NA,NA,NA,NA,NA,NA
"Pachysylvia muscicapina",NA,NA,NA,NA,NA,NA,NA,NA,NA
"Penelope marail",NA,NA,NA,NA,NA,NA,NA,NA,NA
"Perissocephalus tricolor",NA,TRUE,1,TRUE,1,TRUE,2,TRUE,2
"Phaethornis rupurumii",NA,NA,NA,NA,NA,NA,NA,NA,NA
"Phaethornis superciliosus",NA,NA,NA,NA,NA,NA,NA,NA,NA
"Phyllomyias griseiceps",NA,NA,NA,NA,NA,NA,NA,NA,NA
"Phylloscartes nigrifrons",NA,NA,NA,NA,NA,NA,NA,NA,NA
"Picumnus exilis",NA,NA,NA,NA,NA,NA,NA,NA,NA
"Pionus fuscus",NA,NA,NA,NA,NA,NA,NA,NA,NA
"Pipreola whitelyi",NA,NA,NA,NA,NA,NA,NA,NA,NA
"Platyrinchus coronatus",NA,NA,NA,NA,NA,NA,NA,NA,NA
"Platyrinchus platyrhynchos",NA,NA,NA,NA,NA,NA,NA,NA,NA
"Hydropsalis maculicaudus",NA,NA,NA,NA,NA,NA,NA,NA,NA
"Hylexetastes perrotii",NA,NA,NA,NA,NA,NA,NA,NA,NA
"Hylopezus macularius",NA,NA,NA,NA,NA,NA,NA,NA,NA
"Hylophilus griseiventris",NA,NA,NA,NA,NA,NA,NA,NA,NA
"Hylophilus pectoralis",NA,NA,NA,NA,NA,NA,NA,NA,NA
"Icterus cayanensis",NA,NA,NA,NA,NA,NA,NA,NA,NA
"Lamprospiza melanoleuca",NA,NA,NA,NA,NA,NA,NA,NA,NA
"Lepidocolaptes albolineatus",NA,NA,NA,NA,NA,NA,NA,NA,NA
"Lepidothrix serena",NA,NA,NA,NA,NA,NA,NA,NA,NA
"Lophostrix cristata",NA,NA,NA,NA,NA,NA,NA,NA,NA
"Microrhopias quixensis",NA,NA,NA,NA,NA,NA,NA,NA,NA
"Mionectes macconnelli",NA,NA,NA,NA,NA,NA,NA,NA,NA
"Myrmoderus ferrugineus",NA,NA,NA,NA,NA,NA,NA,NA,NA
"Nemosia pileata",NA,NA,NA,NA,NA,NA,NA,NA,NA
"Neopipo cinnamomea",NA,NA,NA,NA,NA,NA,NA,NA,NA
"Notharchus macrorhynchos",NA,NA,NA,NA,NA,NA,NA,NA,NA
"Nyctibius leucopterus",NA,NA,NA,NA,NA,NA,NA,NA,NA
"Pachyramphus rufus",NA,NA,NA,NA,NA,NA,NA,NA,NA
"Pachyramphus surinamus",NA,NA,NA,NA,NA,NA,NA,NA,NA
"Percnostola rufifrons",NA,NA,NA,NA,NA,NA,NA,NA,NA
"Phaethornis longuemareus",NA,NA,NA,NA,NA,NA,NA,NA,NA
"Phoenicircus carnifex",NA,NA,NA,NA,NA,NA,NA,NA,NA
"Phylloscartes virescens",NA,NA,NA,NA,NA,NA,NA,NA,NA
"Picumnus minutissimus",NA,NA,NA,NA,NA,NA,NA,NA,NA
"Picumnus spilogaster",NA,NA,NA,NA,NA,NA,NA,NA,NA
"Pipra aureola",NA,NA,NA,NA,NA,NA,NA,NA,NA
"Myrmoborus lugubris",NA,NA,NA,NA,NA,NA,NA,NA,NA
"Pachyramphus griseigularis",NA,NA,NA,NA,NA,NA,NA,NA,NA
"Phaethornis aethopygus",NA,NA,NA,NA,NA,NA,NA,NA,NA
"Picumnus varzeae",NA,NA,NA,NA,NA,NA,NA,NA,NA
"Hylophylax punctulatus",NA,NA,NA,NA,NA,NA,NA,NA,NA
"Hypocnemis peruviana",NA,NA,NA,NA,NA,NA,NA,NA,NA
"Hypocnemoides maculicauda",NA,NA,NA,NA,NA,NA,NA,NA,NA
"Icterus croconotus",NA,NA,NA,NA,NA,NA,NA,NA,NA
"Islerothraupis rufiventer",NA,NA,NA,NA,NA,NA,NA,NA,NA
"Knipolegus sclateri",NA,NA,NA,NA,NA,NA,NA,NA,NA
"Lampropsar tanagrinus",NA,NA,NA,NA,NA,NA,NA,NA,NA
"Lanio versicolor",NA,NA,NA,NA,NA,NA,NA,NA,NA
"Laterallus exilis",NA,NA,NA,NA,NA,NA,NA,NA,NA
"Lepidocolaptes fatimalimae",NA,NA,NA,NA,NA,NA,NA,NA,NA
"Leucippus chlorocercus",NA,NA,NA,NA,NA,NA,NA,NA,NA
"Leucopternis kuhli",NA,NA,NA,NA,NA,NA,NA,NA,NA
"Liosceles thoracicus",NA,NA,NA,NA,NA,NA,NA,NA,NA
"Malacoptila rufa",NA,NA,NA,NA,NA,NA,NA,NA,NA
"Mazaria propinqua",NA,NA,NA,NA,NA,NA,NA,NA,NA
"Metopothrix aurantiaca",NA,NA,NA,NA,NA,NA,NA,NA,NA
"Micrastur buckleyi",NA,NA,NA,NA,NA,NA,NA,NA,NA
"Mitu tuberosum",NA,NA,NA,NA,NA,NA,NA,NA,NA
"Monasa flavirostris",NA,NA,NA,NA,NA,NA,NA,NA,NA
"Muscisaxicola fluviatilis",NA,NA,NA,NA,NA,NA,NA,NA,NA
"Myiobius atricaudus",NA,NA,NA,NA,NA,NA,NA,NA,NA
"Myrmelastes hyperythrus",NA,NA,NA,NA,NA,NA,NA,NA,NA
"Myrmelastes schistaceus",NA,NA,NA,NA,NA,NA,NA,NA,NA
"Myrmoborus melanurus",NA,NA,NA,NA,NA,NA,NA,NA,NA
"Myrmochanes hemileucus",NA,NA,NA,NA,NA,NA,NA,NA,NA
"Myrmotherula longicauda",NA,NA,NA,NA,NA,NA,NA,NA,NA
"Neopelma sulphureiventer",NA,NA,NA,NA,NA,NA,NA,NA,NA
"Nonnula brunnea",NA,NA,NA,NA,NA,NA,NA,NA,NA
"Nonnula ruficapilla",NA,NA,NA,NA,NA,NA,NA,NA,NA
"Odontophorus stellatus",NA,NA,NA,NA,NA,NA,NA,NA,NA
"Oneillornis lunulatus",NA,NA,NA,NA,NA,NA,NA,NA,NA
"Oneillornis salvini",NA,NA,NA,NA,NA,NA,NA,NA,NA
"Parkerthraustes humeralis",NA,NA,NA,NA,NA,NA,NA,NA,NA
"Phaethornis philippii",NA,NA,NA,NA,NA,NA,NA,NA,NA
"Picumnus castelnau",NA,NA,NA,NA,NA,NA,NA,NA,NA
"Picumnus rufiventris",NA,NA,NA,NA,NA,NA,NA,NA,NA
"Pionites xanthomerius",NA,NA,NA,NA,NA,NA,NA,NA,NA
"Pipra fasciicauda",NA,NA,NA,NA,NA,NA,NA,NA,NA
"Hylexetastes stresemanni",NA,NA,NA,NA,NA,NA,NA,NA,NA
"Inezia subflava",NA,NA,NA,NA,NA,NA,NA,NA,NA
"Myrmotherula ambigua",NA,NA,NA,NA,NA,NA,NA,NA,NA
"Nonnula amaurocephala",NA,NA,NA,NA,NA,NA,NA,NA,NA
"Picumnus pumilus",NA,NA,NA,NA,NA,NA,NA,NA,NA
"Inezia inornata",NA,NA,NA,NA,NA,NA,NA,NA,NA
"Malacoptila semicincta",NA,NA,NA,NA,NA,NA,NA,NA,NA
"Myrmelastes humaythae",NA,NA,NA,NA,NA,NA,NA,NA,NA
"Myrmotherula assimilis",NA,NA,NA,NA,NA,NA,NA,NA,NA
"Myrmotherula iheringi",NA,NA,NA,NA,NA,NA,NA,NA,NA
"Myrmotherula sclateri",NA,NA,NA,NA,NA,NA,NA,NA,NA
"Nonnula sclateri",NA,NA,NA,NA,NA,NA,NA,NA,NA
"Nystalus striolatus",NA,NA,NA,NA,NA,NA,NA,NA,NA
"Pheugopedius genibarbis",NA,NA,NA,NA,NA,NA,NA,NA,NA
"Picumnus aurifrons",NA,NA,NA,NA,NA,NA,NA,NA,NA
"Pionites xanthurus",NA,NA,NA,NA,NA,NA,NA,NA,NA
"Hylopezus berlepschi",NA,NA,NA,NA,NA,NA,NA,NA,NA
"Hypocnemis ochrogyna",NA,NA,NA,NA,NA,NA,NA,NA,NA
"Hypocnemis rondoni",NA,NA,NA,NA,NA,NA,NA,NA,NA
"Hypocnemis striata",NA,NA,NA,NA,NA,NA,NA,NA,NA
"Lepidocolaptes fuscicapillus",NA,NA,NA,NA,NA,NA,NA,NA,NA
"Lepidothrix nattereri",NA,NA,NA,NA,NA,NA,NA,NA,NA
"Machaeropterus pyrocephalus",NA,NA,NA,NA,NA,NA,NA,NA,NA
"Micrastur mintoni",NA,NA,NA,NA,NA,NA,NA,NA,NA
"Micropygia schomburgkii",NA,NA,NA,NA,NA,NA,NA,NA,NA
"Myiarchus tyrannulus",NA,NA,NA,NA,NA,NA,NA,NA,NA
"Myrmelastes rufifacies",NA,NA,NA,NA,NA,NA,NA,NA,NA
"Neomorphus geoffroyi",NA,NA,NA,NA,NA,NA,NA,NA,NA
"Neopelma pallescens",NA,NA,NA,NA,NA,NA,NA,NA,NA
"Nyctiphrynus ocellatus",NA,NA,NA,NA,NA,NA,NA,NA,NA
"Odontorchilus cinereus",NA,NA,NA,NA,NA,NA,NA,NA,NA
"Penelope pileata",NA,NA,NA,NA,NA,NA,NA,NA,NA
"Phlegopsis borbae",NA,NA,NA,NA,NA,NA,NA,NA,NA
"Picumnus fuscus",NA,NA,NA,NA,NA,NA,NA,NA,NA
"Pionites leucogaster",NA,NA,NA,NA,NA,NA,NA,NA,NA
"Pipile cujubi",NA,NA,NA,NA,NA,NA,NA,NA,NA
"Pipile grayi",NA,NA,NA,NA,NA,NA,NA,NA,NA
"Ortalis superciliaris",NA,NA,NA,NA,NA,NA,NA,NA,NA
"Lepidothrix iris",NA,NA,NA,NA,NA,NA,NA,NA,NA
"Lophornis gouldii",NA,NA,NA,NA,NA,NA,NA,NA,NA
"Melanopareia torquata",NA,NA,NA,NA,NA,NA,NA,NA,NA
"Phaethornis nattereri",NA,NA,NA,NA,NA,NA,NA,NA,NA
"Myrmotherula klagesi",NA,NA,NA,NA,NA,NA,NA,NA,NA
"Hylopezus fulviventris",NA,NA,NA,NA,NA,NA,NA,NA,NA
"Microbates cinereiventris",NA,NA,NA,NA,NA,NA,NA,NA,NA
"Myrmotherula sunensis",NA,NA,NA,NA,NA,NA,NA,NA,NA
"Percnostola arenarum",NA,NA,NA,NA,NA,NA,NA,NA,NA
"Piculus leucolaemus",NA,NA,NA,NA,NA,NA,NA,NA,NA
"Lophotriccus eulophotes",NA,NA,NA,NA,NA,NA,NA,NA,NA
"Hypocnemis subflava",NA,NA,NA,NA,NA,NA,NA,NA,NA
"Lophornis delattrei",NA,NA,NA,NA,NA,NA,NA,NA,NA
"Myrmoborus lophotes",NA,NA,NA,NA,NA,NA,NA,NA,NA
"Nannopsittaca dachilleae",NA,NA,NA,NA,NA,NA,NA,NA,NA
"Phaethornis koepckeae",NA,NA,NA,NA,NA,NA,NA,NA,NA
"Phaethornis subochraceus",NA,NA,NA,NA,NA,NA,NA,NA,NA
"Lepidothrix vilasboasi",NA,NA,NA,NA,NA,NA,NA,NA,NA
"Myiornis albiventris",NA,NA,NA,NA,NA,NA,NA,NA,NA
"Knipolegus orenocensis",NA,NA,NA,NA,NA,NA,NA,NA,NA
"Picumnus albosquamatus",NA,NA,NA,NA,NA,NA,NA,NA,NA
"Pauxi unicornis",NA,NA,NA,NA,NA,NA,NA,NA,NA
"Paroaria baeri",NA,NA,NA,NA,NA,NA,NA,NA,NA
"Laniisoma buckleyi",NA,NA,NA,NA,NA,NA,NA,NA,NA
"Penelope ochrogaster",NA,NA,NA,NA,NA,NA,NA,NA,NA
"Pithys castaneus",NA,NA,NA,NA,NA,NA,NA,NA,NA
"Incaspiza watkinsi",NA,NA,NA,NA,NA,NA,NA,NA,NA
"Poecilotriccus latirostris",NA,NA,NA,NA,NA,NA,NA,NA,NA
"Polioptila plumbea",NA,NA,NA,NA,NA,NA,NA,NA,NA
"Progne elegans",NA,NA,NA,NA,NA,NA,NA,NA,NA
"Psarocolius angustifrons",NA,NA,NA,NA,NA,NA,NA,NA,NA
"Psarocolius viridis",NA,NA,NA,NA,NA,NA,NA,NA,NA
"Psarocolius yuracares",NA,NA,NA,NA,NA,NA,NA,NA,NA
"Psophia crepitans",NA,NA,NA,NA,NA,NA,NA,NA,NA
"Pteroglossus azara",NA,NA,NA,NA,NA,NA,NA,NA,NA
"Pteroglossus castanotis",NA,NA,NA,NA,NA,NA,NA,NA,NA
"Pteroglossus pluricinctus",NA,NA,NA,NA,NA,NA,NA,NA,NA
"Pygiptila stellaris",NA,NA,NA,NA,NA,NA,NA,NA,NA
"Pyrilia barrabandi",NA,NA,NA,NA,NA,NA,NA,NA,NA
"Pyrrhura melanura",NA,NA,NA,NA,NA,NA,NA,NA,NA
"Querula purpurata",NA,NA,NA,NA,NA,NA,NA,NA,NA
"Ramphastos culminatus",NA,NA,NA,NA,NA,NA,NA,NA,NA
"Ramphastos cuvieri",NA,NA,NA,NA,NA,NA,NA,NA,NA
"Ramphotrigon megacephalum",NA,NA,NA,NA,NA,NA,NA,NA,NA
"Ramphotrigon ruficauda",NA,NA,NA,NA,NA,TRUE,1,TRUE,1
"Rhegmatorhina cristata",NA,NA,NA,NA,NA,NA,NA,NA,NA
"Rhytipterna simplex",NA,NA,NA,NA,NA,TRUE,1,TRUE,1
"Rupicola rupicola",NA,NA,NA,NA,NA,NA,NA,NA,NA
"Saltator grossus",NA,NA,NA,NA,NA,NA,NA,NA,NA
"Schiffornis major",NA,NA,NA,NA,NA,NA,NA,NA,NA
"Schiffornis turdina",NA,NA,NA,NA,NA,NA,NA,NA,NA
"Schistochlamys melanopis",NA,NA,NA,NA,NA,NA,NA,NA,NA
"Sclateria naevia",NA,NA,NA,NA,NA,NA,NA,TRUE,1
"Sclerurus caudacutus",NA,NA,NA,NA,NA,NA,NA,TRUE,1
"Sclerurus mexicanus",NA,NA,NA,NA,NA,NA,NA,NA,NA
"Sclerurus rufigularis",NA,NA,NA,NA,NA,NA,NA,NA,NA
"Selenidera reinwardtii",NA,NA,NA,NA,NA,NA,NA,NA,NA
"Setophaga striata",NA,NA,NA,NA,NA,NA,NA,NA,NA
"Sporophila bouvronides",NA,NA,NA,NA,NA,NA,NA,NA,NA
"Sporophila castaneiventris",NA,NA,NA,NA,NA,NA,NA,NA,NA
"Sporophila crassirostris",NA,NA,NA,NA,NA,NA,NA,NA,NA
"Sporophila fringilloides",NA,NA,NA,NA,NA,NA,NA,NA,NA
"Sporophila minuta",NA,NA,NA,NA,NA,NA,NA,NA,NA
"Sporophila murallae",NA,NA,NA,NA,NA,NA,NA,NA,NA
"Steatornis caripensis",NA,NA,NA,NA,NA,NA,NA,NA,NA
"Sublegatus obscurior",NA,NA,NA,NA,NA,NA,NA,TRUE,1
"Rhynchocyclus aequinoctialis",NA,NA,NA,NA,NA,NA,NA,NA,NA
"Sclerurus albigularis",NA,NA,NA,NA,NA,NA,NA,NA,NA
"Sporophila luctuosa",NA,NA,NA,NA,NA,NA,NA,NA,NA
"Platyrinchus saturatus",NA,NA,NA,NA,NA,NA,NA,NA,NA
"Pogonotriccus chapmani",NA,NA,NA,NA,NA,NA,NA,NA,NA
"Polioptila guianensis",NA,NA,NA,NA,NA,NA,NA,NA,NA
"Polytmus milleri",NA,NA,NA,NA,NA,NA,NA,NA,NA
"Procnias albus",NA,NA,NA,NA,NA,NA,NA,NA,NA
"Pseudopipra pipra",NA,NA,NA,NA,NA,NA,NA,NA,NA
"Pteroglossus viridis",NA,NA,NA,NA,NA,NA,NA,TRUE,2
"Pygochelidon melanoleuca",NA,NA,NA,NA,NA,NA,NA,NA,NA
"Pyrilia caica",NA,NA,NA,NA,NA,NA,NA,TRUE,7
"Pyrrhura egregia",NA,NA,NA,NA,NA,NA,NA,NA,NA
"Pyrrhura picta",NA,NA,NA,NA,NA,NA,NA,NA,NA
"Ramphastos tucanus",NA,NA,NA,NA,NA,NA,NA,NA,NA
"Ramphastos vitellinus",NA,NA,NA,NA,NA,NA,NA,TRUE,2
"Rhynchocyclus olivaceus",NA,NA,NA,NA,NA,NA,NA,NA,NA
"Roraimia adusta",NA,NA,NA,NA,NA,NA,NA,NA,NA
"Rufirallus viridis",NA,NA,NA,NA,NA,NA,NA,NA,NA
"Sakesphorus canadensis",NA,NA,NA,NA,NA,NA,NA,NA,NA
"Saltator plumbeus",NA,NA,NA,NA,NA,NA,NA,NA,NA
"Schiffornis olivacea",NA,NA,NA,NA,NA,NA,NA,TRUE,7
"Selenidera nattereri",NA,NA,NA,NA,NA,NA,NA,NA,NA
"Selenidera piperivora",NA,NA,NA,NA,NA,TRUE,3,TRUE,3
"Setopagis whitelyi",NA,NA,NA,NA,NA,NA,NA,NA,NA
"Sporophila schistacea",NA,NA,NA,NA,NA,NA,NA,NA,NA
"Streptoprocne phelpsi",NA,NA,NA,NA,NA,NA,NA,NA,NA
"Poecilotriccus fumifrons",NA,NA,NA,NA,NA,NA,NA,NA,NA
"Polytmus theresiae",NA,NA,NA,NA,NA,NA,NA,NA,NA
"Pteroglossus aracari",NA,NA,NA,NA,NA,NA,NA,NA,NA
"Rallus longirostris",NA,NA,NA,NA,NA,NA,NA,NA,NA
"Sirystes subcanescens",NA,NA,NA,NA,NA,NA,NA,NA,NA
"Sporophila americana",NA,NA,NA,NA,NA,NA,NA,NA,NA
"Sporophila plumbea",NA,NA,NA,NA,NA,NA,NA,NA,NA
"Synallaxis gujanensis",NA,NA,NA,NA,NA,NA,NA,NA,NA
"Rhegmatorhina gymnops",NA,NA,NA,NA,NA,NA,NA,NA,NA
"Serpophaga hypoleuca",NA,NA,NA,NA,NA,NA,NA,NA,NA
"Poecilotriccus capitalis",NA,NA,NA,NA,NA,NA,NA,NA,NA
"Porphyrolaema porphyrolaema",NA,NA,NA,NA,NA,NA,NA,NA,NA
"Porzana fasciata",NA,NA,NA,NA,NA,NA,NA,NA,NA
"Psophia leucoptera",NA,NA,NA,NA,NA,NA,NA,NA,NA
"Pteroglossus beauharnaesii",NA,NA,NA,NA,NA,NA,NA,NA,NA
"Pteroglossus humboldti",NA,NA,NA,NA,NA,NA,NA,NA,NA
"Pyrrhura peruviana",NA,NA,NA,NA,NA,NA,NA,NA,NA
"Pyrrhura roseifrons",NA,NA,NA,NA,NA,NA,NA,NA,NA
"Ramphocelus nigrogularis",NA,NA,NA,NA,NA,NA,NA,NA,NA
"Rhegmatorhina melanosticta",NA,NA,NA,NA,NA,NA,NA,NA,NA
"Rufirallus castaneiceps",NA,NA,NA,NA,NA,NA,NA,NA,NA
"Saltator coerulescens",NA,NA,NA,NA,NA,NA,NA,NA,NA
"Sciaphylax hemimelaena",NA,NA,NA,NA,NA,NA,NA,NA,NA
"Selenidera langsdorffii",NA,NA,NA,NA,NA,NA,NA,NA,NA
"Sirystes albocinereus",NA,NA,NA,NA,NA,NA,NA,NA,NA
"Stigmatura napensis",NA,NA,NA,NA,NA,NA,NA,NA,NA
"Synallaxis albigularis",NA,NA,NA,NA,NA,NA,NA,NA,NA
"Psophia ochroptera",NA,NA,NA,NA,NA,NA,NA,NA,NA
"Rhytipterna immunda",NA,NA,NA,NA,NA,NA,NA,NA,NA
"Porphyrio flavirostris",NA,NA,NA,NA,NA,NA,NA,NA,NA
"Pyrrhura lucianii",NA,NA,NA,NA,NA,NA,NA,NA,NA
"Sporophila caerulescens",NA,NA,NA,NA,NA,NA,NA,NA,NA
"Synallaxis hypospodia",NA,NA,NA,NA,NA,NA,NA,NA,NA
"Psophia viridis",NA,NA,NA,NA,NA,TRUE,4,TRUE,4
"Pteroglossus inscriptus",NA,NA,NA,NA,NA,NA,NA,NA,NA
"Pteroglossus sturmii",NA,NA,NA,NA,NA,NA,NA,NA,NA
"Pyrilia aurantiocephala",NA,NA,NA,NA,NA,NA,NA,NA,NA
"Pyrilia vulturina",NA,NA,NA,NA,NA,NA,NA,NA,NA
"Pyrrhura perlata",NA,NA,NA,NA,NA,NA,NA,NA,NA
"Pyrrhura snethlageae",NA,NA,NA,NA,NA,NA,NA,NA,NA
"Ramphastos ariel",NA,NA,NA,NA,NA,NA,NA,NA,NA
"Rhegmatorhina berlepschi",NA,NA,NA,NA,NA,NA,NA,NA,NA
"Rhegmatorhina hoffmannsi",NA,NA,NA,NA,NA,NA,NA,NA,NA
"Sakesphorus luctuosus",NA,NA,NA,NA,NA,NA,NA,NA,NA
"Selenidera gouldii",NA,NA,NA,NA,NA,NA,NA,NA,NA
"Sirystes sibilator",NA,NA,NA,NA,NA,NA,NA,NA,NA
"Synallaxis cherriei",NA,NA,NA,NA,NA,NA,NA,NA,NA
"Pteroglossus bitorquatus",NA,NA,NA,NA,NA,NA,NA,NA,NA
"Pyrrhura lepida",NA,NA,NA,NA,NA,NA,NA,NA,NA
"Sicalis columbiana",NA,NA,NA,NA,NA,NA,NA,NA,NA
"Psophia dextralis",NA,NA,NA,NA,NA,NA,NA,NA,NA
"Poecilotriccus calopterus",NA,NA,NA,NA,NA,NA,NA,NA,NA
"Sciaphylax castanea",NA,NA,NA,NA,NA,NA,NA,NA,NA
"Sporophila atrirostris",NA,NA,NA,NA,NA,NA,NA,NA,NA
"Primolius couloni",NA,NA,NA,NA,NA,NA,NA,NA,NA
"Pyrrhura rupicola",NA,NA,NA,NA,NA,NA,NA,NA,NA
"Ramphotrigon fuscicauda",NA,NA,NA,NA,NA,NA,NA,NA,NA
"Pyriglena leuconota",NA,NA,NA,NA,NA,NA,NA,NA,NA
"Pyrrhura amazonum",NA,NA,NA,NA,NA,NA,NA,NA,NA
"Poecilotriccus russatus",NA,NA,NA,NA,NA,NA,NA,NA,NA
"Psarocolius bifasciatus",NA,NA,NA,NA,NA,NA,NA,NA,NA
"Psophia obscura",NA,NA,NA,NA,NA,NA,NA,TRUE,5
"Pulsatrix melanota",NA,NA,NA,NA,NA,NA,NA,NA,NA
"Pyrrhura parvifrons",NA,NA,NA,NA,NA,NA,NA,NA,NA
"Snowornis subalaris",NA,NA,NA,NA,NA,NA,NA,NA,NA
"Synallaxis kollari",NA,NA,NA,NA,NA,NA,NA,NA,NA
"Poecilotriccus senex",NA,NA,NA,NA,NA,NA,NA,NA,NA
"Primolius auricollis",NA,NA,NA,NA,NA,NA,NA,NA,NA
"Sporophila nigrorufa",NA,NA,NA,NA,NA,NA,NA,NA,NA
"Suiriri affinis",NA,NA,NA,NA,NA,NA,NA,NA,NA
"Pyrrhura molinae",NA,NA,NA,NA,NA,NA,NA,NA,NA
"Poecilotriccus albifacies",NA,NA,NA,NA,NA,NA,NA,NA,NA
"Synallaxis rutilans",NA,NA,NA,NA,NA,NA,NA,TRUE,1
"Tachyphonus phoenicius",NA,NA,NA,NA,NA,NA,NA,NA,NA
"Tangara callophrys",NA,NA,NA,NA,NA,NA,NA,NA,NA
"Tangara chilensis",NA,NA,NA,NA,NA,NA,NA,NA,NA
"Tangara mexicana",NA,NA,NA,NA,NA,TRUE,1,TRUE,1
"Tangara nigrocincta",NA,NA,NA,NA,NA,NA,NA,NA,NA
"Tangara schrankii",NA,NA,NA,NA,NA,NA,NA,NA,NA
"Tangara velia",NA,NA,NA,NA,NA,NA,NA,NA,NA
"Tangara xanthogastra",NA,NA,NA,NA,NA,NA,NA,NA,NA
"Terenotriccus erythrurus",NA,NA,NA,NA,NA,NA,NA,NA,NA
"Thamnomanes ardesiacus",NA,NA,NA,NA,NA,NA,NA,NA,NA
"Thamnomanes caesius",NA,NA,NA,NA,NA,NA,NA,NA,NA
"Thamnophilus aethiops",NA,NA,NA,NA,NA,NA,NA,NA,NA
"Thamnophilus amazonicus",NA,NA,NA,NA,NA,NA,NA,NA,NA
"Thamnophilus murinus",NA,NA,NA,NA,NA,NA,NA,NA,NA
"Thamnophilus schistaceus",NA,NA,NA,NA,NA,NA,NA,NA,NA
"Threnetes leucurus",NA,NA,NA,NA,NA,NA,NA,NA,NA
"Tinamus guttatus",NA,NA,NA,NA,NA,NA,NA,NA,NA
"Tityra cayana",NA,NA,NA,NA,NA,NA,NA,NA,NA
"Todirostrum chrysocrotaphum",NA,NA,NA,NA,NA,NA,NA,NA,NA
"Tolmomyias assimilis",NA,NA,NA,NA,NA,NA,NA,TRUE,1
"Tolmomyias poliocephalus",NA,NA,NA,NA,NA,TRUE,1,TRUE,1
"Tolmomyias viridiceps",NA,NA,NA,NA,NA,NA,NA,NA,NA
"Topaza pyra",NA,NA,NA,NA,NA,NA,NA,NA,NA
"Touit purpuratus",NA,NA,NA,NA,NA,NA,NA,NA,NA
"Trogon collaris",NA,NA,NA,NA,NA,NA,NA,NA,NA
"Trogon melanurus",NA,NA,NA,NA,NA,NA,NA,NA,NA
"Trogon viridis",NA,NA,NA,NA,NA,NA,NA,NA,NA
"Tunchiornis ochraceiceps",NA,NA,NA,NA,NA,NA,NA,NA,NA
"Turdus hauxwelli",NA,NA,NA,NA,NA,NA,NA,NA,NA
"Turdus lawrencii",NA,NA,NA,NA,NA,NA,NA,NA,NA
"Tyranneutes stolzmanni",NA,NA,NA,NA,NA,NA,NA,NA,NA
"Tyrannopsis sulphurea",NA,NA,NA,NA,NA,NA,NA,NA,NA
"Tyrannulus elatus",NA,NA,NA,NA,NA,NA,NA,NA,NA
"Veniliornis affinis",NA,NA,NA,NA,NA,NA,NA,NA,NA
"Vireo altiloquus",NA,NA,NA,NA,NA,NA,NA,NA,NA
"Vireo flavoviridis",NA,NA,NA,NA,NA,NA,NA,NA,NA
"Willisornis poecilinotus",NA,NA,NA,NA,NA,NA,NA,NA,NA
"Xenopipo atronitens",NA,NA,NA,NA,NA,NA,NA,NA,NA
"Xenops tenuirostris",NA,NA,NA,NA,NA,NA,NA,NA,NA
"Xiphorhynchus beauperthuysii",NA,NA,NA,NA,NA,NA,NA,NA,NA
"Xiphorhynchus elegans",NA,NA,NA,NA,NA,NA,NA,NA,NA
"Xiphorhynchus guttatoides",NA,NA,NA,NA,NA,NA,NA,NA,NA
"Xiphorhynchus obsoletus",NA,NA,NA,NA,NA,NA,NA,TRUE,1
"Zebrilus undulatus",NA,NA,NA,NA,NA,NA,NA,NA,NA
"Zimmerius gracilipes",NA,NA,NA,NA,NA,NA,NA,NA,NA
"Synallaxis moesta",NA,NA,NA,NA,NA,NA,NA,NA,NA
"Tangara cyanicollis",NA,NA,NA,NA,NA,NA,NA,NA,NA
"Tangara guttata",NA,NA,NA,NA,NA,NA,NA,NA,NA
"Thamnistes aequatorialis",NA,NA,NA,NA,NA,NA,NA,NA,NA
"Xiphocolaptes promeropirhynchus",NA,NA,NA,NA,NA,NA,NA,NA,NA
"Synallaxis macconnelli",NA,NA,NA,NA,NA,NA,NA,NA,NA
"Syndactyla roraimae",NA,NA,NA,NA,NA,NA,NA,NA,NA
"Systellura roraimae",NA,NA,NA,NA,NA,NA,NA,NA,NA
"Taeniotriccus andrei",NA,NA,NA,NA,NA,NA,NA,NA,NA
"Tangara cayana",NA,NA,NA,NA,NA,NA,NA,NA,NA
"Tangara gyrola",NA,NA,NA,NA,NA,NA,NA,NA,NA
"Tangara punctata",NA,NA,NA,NA,NA,NA,NA,NA,NA
"Tangara varia",NA,NA,NA,NA,NA,NA,NA,NA,NA
"Tangara whitelyi",NA,NA,NA,NA,NA,NA,NA,NA,NA
"Thamnophilus insignis",NA,NA,NA,NA,NA,NA,NA,NA,NA
"Thamnophilus nigrocinereus",NA,NA,NA,NA,NA,NA,NA,NA,NA
"Thamnophilus punctatus",NA,NA,NA,NA,NA,NA,NA,NA,NA
"Thripophaga gutturata",NA,NA,NA,NA,NA,NA,NA,NA,NA
"Todirostrum pictum",NA,TRUE,1,TRUE,1,TRUE,2,TRUE,2
"Tolmomyias flaviventris",NA,NA,NA,NA,NA,NA,NA,NA,NA
"Topaza pella",NA,NA,NA,NA,NA,NA,NA,NA,NA
"Touit huetii",NA,NA,NA,NA,NA,NA,NA,NA,NA
"Troglodytes rufulus",NA,NA,NA,NA,NA,NA,NA,NA,NA
"Trogon rufus",NA,NA,NA,NA,NA,NA,NA,NA,NA
"Turdus arthuri",NA,NA,NA,NA,NA,NA,NA,NA,NA
"Turdus leucomelas",NA,NA,NA,NA,NA,NA,NA,NA,NA
"Turdus nudigenis",NA,NA,NA,NA,NA,NA,NA,NA,NA
"Turdus olivater",NA,NA,NA,NA,NA,NA,NA,NA,NA
"Tyranneutes virescens",NA,NA,NA,NA,NA,TRUE,3,TRUE,3
"Tyrannus albogularis",NA,NA,NA,NA,NA,NA,NA,NA,NA
"Tyrannus dominicensis",NA,NA,NA,NA,NA,NA,NA,NA,NA
"Veniliornis cassini",NA,NA,NA,NA,NA,NA,NA,NA,NA
"Vireo sclateri",NA,NA,NA,NA,NA,NA,NA,NA,NA
"Vireolanius leucotis",NA,NA,NA,NA,NA,NA,NA,NA,NA
"Xenopipo uniformis",NA,NA,NA,NA,NA,NA,NA,NA,NA
"Xipholena punicea",NA,NA,NA,NA,NA,NA,NA,NA,NA
"Xiphorhynchus guttatus",NA,NA,NA,NA,NA,NA,NA,NA,NA
"Xiphorhynchus pardalotus",NA,TRUE,1,TRUE,1,TRUE,2,TRUE,2
"Thamnophilus melanothorax",NA,NA,NA,NA,NA,NA,NA,NA,NA
"Threnetes niger",NA,NA,NA,NA,NA,NA,NA,NA,NA
"Todirostrum maculatum",NA,NA,NA,NA,NA,NA,NA,NA,NA
"Touit batavicus",NA,NA,NA,NA,NA,NA,NA,NA,NA
"Tunchiornis luteifrons",NA,NA,NA,NA,NA,NA,NA,NA,NA
"Turdus fumigatus",NA,NA,NA,NA,NA,NA,NA,NA,NA
"Veniliornis sanguineus",NA,NA,NA,NA,NA,NA,NA,NA,NA
"Zimmerius acer",NA,NA,NA,NA,NA,NA,NA,NA,NA
"Thamnomanes saturninus",NA,NA,NA,NA,NA,NA,NA,NA,NA
"Thamnomanes schistogynus",NA,NA,NA,NA,NA,NA,NA,NA,NA
"Thamnophilus cryptoleucus",NA,NA,NA,NA,NA,NA,NA,NA,NA
"Thlypopsis sordida",NA,NA,NA,NA,NA,NA,NA,NA,NA
"Thripophaga fusciceps",NA,NA,NA,NA,NA,NA,NA,NA,NA
"Tityra semifasciata",NA,NA,NA,NA,NA,NA,NA,NA,NA
"Tolmomyias traylori",NA,NA,NA,NA,NA,NA,NA,NA,NA
"Trogon curucui",NA,NA,NA,NA,NA,NA,NA,NA,NA
"Turdus debilis",NA,NA,NA,NA,NA,NA,NA,NA,NA
"Turdus sanchezorum",NA,NA,NA,NA,NA,NA,NA,NA,NA
"Xiphorhynchus chunchotambo",NA,NA,NA,NA,NA,NA,NA,NA,NA
"Xiphorhynchus ocellatus",NA,NA,NA,NA,NA,NA,NA,NA,NA
"Thamnophilus palliatus",NA,NA,NA,NA,NA,NA,NA,NA,NA
"Thamnophilus stictocephalus",NA,NA,NA,NA,NA,NA,NA,NA,NA
"Tinamus tao",NA,NA,NA,NA,NA,NA,NA,NA,NA
"Tityra braziliensis",NA,NA,NA,NA,NA,NA,NA,TRUE,6
"Tityra leucura",NA,NA,NA,NA,NA,NA,NA,NA,NA
"Turdus haplochrous",NA,NA,NA,NA,NA,NA,NA,NA,NA
"Willisornis nigrigula",NA,NA,NA,NA,NA,NA,NA,NA,NA
"Xenops rutilus",NA,NA,NA,NA,NA,NA,NA,NA,NA
"Xipholena lamellipennis",NA,NA,NA,NA,NA,NA,NA,NA,NA
"Zimmerius chicomendesi",NA,NA,NA,NA,NA,NA,NA,NA,NA
"Uropelia campestris",NA,NA,NA,NA,NA,NA,NA,NA,NA
"Willisornis vidua",NA,NA,NA,NA,NA,NA,NA,NA,NA
"Xolmis velatus",NA,NA,NA,NA,NA,NA,NA,NA,NA
"Xiphorhynchus spixii",NA,NA,NA,NA,NA,NA,NA,NA,NA
"Thamnophilus praecox",NA,NA,NA,NA,NA,NA,NA,NA,NA
"Syndactyla ucayalae",NA,NA,NA,NA,NA,NA,NA,NA,NA
"Thamnophilus divisorius",NA,NA,NA,NA,NA,NA,NA,NA,NA
"Zimmerius villarejoi",NA,NA,NA,NA,NA,NA,NA,NA,NA
"Thamnophilus sticturus",NA,NA,NA,NA,NA,NA,NA,NA,NA
"Wetmorethraupis sterrhopteron",NA,NA,NA,NA,NA,NA,NA,NA,NA
"Synallaxis simoni",NA,NA,NA,NA,NA,NA,NA,NA,NA
